<?xml version="1.0" encoding="UTF-8"?>
<metadata xml:lang="zh"><Esri><CreaDate>20250427</CreaDate><CreaTime>16500300</CreaTime><ArcGISFormat>1.0</ArcGISFormat><SyncOnce>TRUE</SyncOnce><DataProperties><lineage><Process ToolSource="e:\desktop10.8\ArcToolbox\Toolboxes\Data Management Tools.tbx\CalculateField" Date="20250424" Time="094859">CalculateField 广州市_建筑-百度优化 Volume "[height] /3 * [Shape_Area]" VB #</Process><Process ToolSource="e:\desktop10.8\ArcToolbox\Toolboxes\Data Management Tools.tbx\CalculateField" Date="20250424" Time="095105">CalculateField 广州市_建筑-百度优化 BuiArea "[height] /3 * [Shape_Area]" VB #</Process></lineage></DataProperties></Esri></metadata>
